page_id,status,school_name,school_location,slug,primary_keyword,seo_title,meta_description,h1,hero_subheading,intro,section_heading,section_body,faq_1_question,faq_1_answer,faq_2_question,faq_2_answer,cta_text,cta_url,resource_label,resource_url,resource_context,client_experience,affiliation_notice,hero_image_url,hero_image_alt,testimonial_quote,testimonial_attribution,review_notes
sf-harvard,Draft,Harvard Business School,"Boston, MA",search-fund-marketing-harvard,search fund marketing Harvard,Search Fund Marketing for Harvard Alumni | Tiger Digital,"Explore post-acquisition marketing for Harvard searchers. Plan SEO, AI visibility, and paid advertising for the business you acquire.",Marketing for Searchers in the Harvard Community,Prepare for your first months as an owner,"Moving from acquisition research to operating a business introduces a new question: where will the next qualified customer come from? For searchers in the Harvard Business School community, a practical marketing plan starts with the acquired company’s customers, service area, and existing sources of demand.",Protect what already brings customers in,"Before replacing a website or launching campaigns, document the pages, phone numbers, and offers that currently generate inquiries. Preserve working customer paths during the ownership transition, then improve weak service pages and measure which inquiries become real opportunities.",What should I prioritize immediately after closing?,"Start by confirming access to the website, analytics, business listings, and advertising accounts. Establish a baseline for qualified inquiries before making large changes.",Is Tiger Digital affiliated with Harvard Business School?,No. Tiger Digital is an independent marketing agency. This page is intended for searchers and acquisition entrepreneurs in the Harvard community; it does not represent a school partnership or endorsement.,Discuss Your Acquisition Marketing Plan,https://www.tigerdigital.marketing/contact,Harvard acquisition entrepreneurship resource,https://www.hbs.edu/entrepreneurship/mba/rock-venture-catalyst,HBS directs students interested in ETA toward search-fund internships through its summer fellowship options.,"Tiger Digital works with searchers from the Harvard community. That experience shapes the guidance on this page. It is not an affiliation with, or endorsement by, the school.",Independent service provider; not affiliated with or endorsed by Harvard Business School.,,,,,"Draft for review. Confirm service scope and audience fit; add an approved image and relevant proof if available. Keyword is a hypothesis, not validated search demand. School city is audience context, not a Tiger Digital office or service limit."
sf-wharton,Draft,"The Wharton School, University of Pennsylvania","Philadelphia, PA",search-fund-marketing-wharton,search fund marketing Wharton,Search Fund Marketing for Wharton Alumni | Tiger Digital,"Explore post-acquisition marketing for Wharton searchers. Plan SEO, AI visibility, and paid advertising for the business you acquire.",Marketing for Searchers in the Wharton Community,Turn the growth thesis into a marketing plan,"For Wharton students and alumni pursuing a search fund, an acquisition thesis eventually needs a concrete customer acquisition plan. Translate broad growth assumptions into specific services, customer segments, and conversion paths that can be tested after closing.",Connect marketing activity to qualified demand,"Choose a small set of services to promote, define what counts as a qualified inquiry, and agree on how the business will follow up. Evaluate campaigns against actual sales opportunities rather than treating more website traffic as the end goal.",How should I evaluate marketing results?,"Track qualified inquiries, booked conversations, and won business where the sales process allows. Review channel costs alongside lead quality and the company’s capacity to serve new customers.","Is Tiger Digital affiliated with The Wharton School, University of Pennsylvania?",No. Tiger Digital is an independent marketing agency. This page is intended for searchers and acquisition entrepreneurs in the Wharton community; it does not represent a school partnership or endorsement.,Discuss Your Acquisition Marketing Plan,https://www.tigerdigital.marketing/contact,Wharton acquisition entrepreneurship resource,https://groups.wharton.upenn.edu/ETA/club_signup,"Wharton’s ETA club connects students with investors, alumni, and the acquisition entrepreneurship community.","Tiger Digital works with searchers from the Wharton community. That experience shapes the guidance on this page. It is not an affiliation with, or endorsement by, the school.","Independent service provider; not affiliated with or endorsed by The Wharton School, University of Pennsylvania.",,,,,"Draft for review. Confirm service scope and audience fit; add an approved image and relevant proof if available. Keyword is a hypothesis, not validated search demand. School city is audience context, not a Tiger Digital office or service limit."
sf-stanford,Draft,Stanford Graduate School of Business,"Stanford, CA",search-fund-marketing-stanford,search fund marketing Stanford GSB,Search Fund Marketing for Stanford GSB Alumni | Tiger Digital,"Explore post-acquisition marketing for Stanford GSB searchers. Plan SEO, AI visibility, and paid advertising for the business you acquire.",Marketing for Searchers in the Stanford GSB Community,Build a repeatable customer acquisition process,"Searchers in the Stanford GSB community can approach post-acquisition marketing as a series of operating decisions: which customers to reach, what evidence they need, and how inquiries move into the business. Start with a focused plan before adding more channels.",Test one growth hypothesis at a time,"Select a priority service and customer segment. Give that audience a clear page, a relevant offer, and a measurable next step. Use what you learn from inquiries and sales conversations to decide whether to expand, revise, or stop the campaign.",Should I launch every marketing channel at once?,"Usually a focused starting point is easier to evaluate. Choose channels based on customer behavior, available budget, and the team’s ability to respond; expand when the results support it.",Is Tiger Digital affiliated with Stanford Graduate School of Business?,No. Tiger Digital is an independent marketing agency. This page is intended for searchers and acquisition entrepreneurs in the Stanford GSB community; it does not represent a school partnership or endorsement.,Discuss Your Acquisition Marketing Plan,https://www.tigerdigital.marketing/contact,Stanford GSB acquisition entrepreneurship resource,https://www.gsb.stanford.edu/experience/about/centers-institutes/ces/research/search-funds,Stanford GSB publishes search-fund research and a Search Fund Primer.,,Independent service provider; not affiliated with or endorsed by Stanford Graduate School of Business.,,,,,"Draft for review. Confirm service scope and audience fit; add an approved image and relevant proof if available. Keyword is a hypothesis, not validated search demand. School city is audience context, not a Tiger Digital office or service limit."
sf-mit-sloan,Draft,MIT Sloan School of Management,"Cambridge, MA",search-fund-marketing-mit-sloan,search fund marketing MIT Sloan,Search Fund Marketing for MIT Sloan Alumni | Tiger Digital,"Explore post-acquisition marketing for MIT Sloan searchers. Plan SEO, AI visibility, and paid advertising for the business you acquire.",Marketing for Searchers in the MIT Sloan Community,Make your marketing measurement usable,"For acquisition entrepreneurs in the MIT Sloan community, inherited marketing systems can create a fragmented picture of customer demand. Establish a clear measurement foundation so decisions about pages, campaigns, and budgets draw on consistent information.",Fix the path from click to inquiry,"Check how phone calls and forms reach the team, whether conversion events fire correctly, and how duplicate or irrelevant inquiries are identified. A simpler measurement setup that staff understand is more useful than a dashboard nobody can reconcile.",What if the acquired company has little reliable marketing data?,"Begin with a documented baseline and verify the main inquiry paths. Mark historical gaps clearly instead of treating missing data as zero, then collect consistent information going forward.",Is Tiger Digital affiliated with MIT Sloan School of Management?,No. Tiger Digital is an independent marketing agency. This page is intended for searchers and acquisition entrepreneurs in the MIT Sloan community; it does not represent a school partnership or endorsement.,Discuss Your Acquisition Marketing Plan,https://www.tigerdigital.marketing/contact,MIT Sloan acquisition entrepreneurship resource,https://mitsloan.mit.edu/student-life/student-clubs-mit-sloan,MIT Sloan lists an Entrepreneurship Through Acquisition Club among its student organizations.,,Independent service provider; not affiliated with or endorsed by MIT Sloan School of Management.,,,,,"Draft for review. Confirm service scope and audience fit; add an approved image and relevant proof if available. Keyword is a hypothesis, not validated search demand. School city is audience context, not a Tiger Digital office or service limit."
sf-chicago-booth,Draft,University of Chicago Booth School of Business,"Chicago, IL",search-fund-marketing-chicago-booth,search fund marketing Chicago Booth,Search Fund Marketing for Chicago Booth Alumni | Tiger Digital,"Explore post-acquisition marketing for Chicago Booth searchers. Plan SEO, AI visibility, and paid advertising for the business you acquire.",Marketing for Searchers in the Chicago Booth Community,Allocate marketing spend with clearer evidence,"For Chicago Booth searchers becoming operators, a marketing budget should reflect the acquired company’s priorities and constraints. Build a plan that makes the tradeoffs between immediate demand, longer-term visibility, and operational capacity explicit.",Start with the services the business can deliver well,"Prioritize offers with a clear customer need and enough delivery capacity. Set review points for paid campaigns, and use qualified inquiry data to decide where incremental spend belongs. Keep longer-term content work tied to the same commercial priorities.",How much should a newly acquired business spend on marketing?,"There is no universal percentage that fits every acquisition. Start with service economics, capacity, existing demand, and a test budget the business can sustain, then adjust using observed results.",Is Tiger Digital affiliated with University of Chicago Booth School of Business?,No. Tiger Digital is an independent marketing agency. This page is intended for searchers and acquisition entrepreneurs in the Chicago Booth community; it does not represent a school partnership or endorsement.,Discuss Your Acquisition Marketing Plan,https://www.tigerdigital.marketing/contact,Chicago Booth acquisition entrepreneurship resource,https://groups.chicagobooth.edu/eta/home/,"Chicago Booth’s ETA club provides education, resources, and networking for students and alumni interested in acquisition entrepreneurship.",,Independent service provider; not affiliated with or endorsed by University of Chicago Booth School of Business.,,,,,"Draft for review. Confirm service scope and audience fit; add an approved image and relevant proof if available. Keyword is a hypothesis, not validated search demand. School city is audience context, not a Tiger Digital office or service limit."
sf-kellogg,Draft,Northwestern University Kellogg School of Management,"Evanston, IL",search-fund-marketing-kellogg,search fund marketing Kellogg,Search Fund Marketing for Kellogg Alumni | Tiger Digital,"Explore post-acquisition marketing for Kellogg searchers. Plan SEO, AI visibility, and paid advertising for the business you acquire.",Marketing for Searchers in the Kellogg Community,Clarify the customer promise after acquisition,"For searchers in the Kellogg community, taking ownership creates an opportunity to explain the business more clearly without losing the trust it has earned. Keep customer-facing messaging grounded in what the company actually delivers.",Make service pages answer buying questions,"Explain who each service is for, where it is available, and what happens after someone contacts the business. Replace vague claims with verified examples and clear expectations. Align advertising messages with the page visitors reach.",Should we rebrand immediately after acquisition?,"First assess the value of the existing name, customer recognition, and website visibility. A messaging or page improvement may address the immediate problem without the disruption of a full rebrand.",Is Tiger Digital affiliated with Northwestern University Kellogg School of Management?,No. Tiger Digital is an independent marketing agency. This page is intended for searchers and acquisition entrepreneurs in the Kellogg community; it does not represent a school partnership or endorsement.,Discuss Your Acquisition Marketing Plan,https://www.tigerdigital.marketing/contact,Kellogg acquisition entrepreneurship resource,https://www.kellogg.northwestern.edu/academics-research/entrepreneurship/academics/,Kellogg offers an ETA academic branch with courses spanning acquisition and operating skills.,,Independent service provider; not affiliated with or endorsed by Northwestern University Kellogg School of Management.,,,,,"Draft for review. Confirm service scope and audience fit; add an approved image and relevant proof if available. Keyword is a hypothesis, not validated search demand. School city is audience context, not a Tiger Digital office or service limit."
sf-columbia,Draft,Columbia Business School,"New York, NY",search-fund-marketing-columbia,search fund marketing Columbia,Search Fund Marketing for Columbia Alumni | Tiger Digital,"Explore post-acquisition marketing for Columbia searchers. Plan SEO, AI visibility, and paid advertising for the business you acquire.",Marketing for Searchers in the Columbia Community,Match marketing to the market you actually acquire,"A searcher’s school location does not determine where an acquired business serves customers. For the Columbia Business School community, the right marketing plan follows the company’s real footprint, service mix, and competitive environment.",Build relevant pages for real service areas,"Organize location content around where the company can deliver and the questions customers ask there. Include verified local details when available, keep business information consistent, and avoid creating pages for areas the company does not serve.",Does the acquired business need to be in New York?,"This page is intended for the Columbia searcher audience, not only New York businesses. Marketing geography should follow the acquired company’s actual customers and service territory.",Is Tiger Digital affiliated with Columbia Business School?,No. Tiger Digital is an independent marketing agency. This page is intended for searchers and acquisition entrepreneurs in the Columbia community; it does not represent a school partnership or endorsement.,Discuss Your Acquisition Marketing Plan,https://www.tigerdigital.marketing/contact,Columbia acquisition entrepreneurship resource,https://courses.business.columbia.edu/B8523,Columbia Business School lists an Entrepreneurship Through Acquisition course.,,Independent service provider; not affiliated with or endorsed by Columbia Business School.,,,,,"Draft for review. Confirm service scope and audience fit; add an approved image and relevant proof if available. Keyword is a hypothesis, not validated search demand. School city is audience context, not a Tiger Digital office or service limit."
sf-yale,Draft,Yale School of Management,"New Haven, CT",search-fund-marketing-yale,search fund marketing Yale SOM,Search Fund Marketing for Yale SOM Alumni | Tiger Digital,"Explore post-acquisition marketing for Yale SOM searchers. Plan SEO, AI visibility, and paid advertising for the business you acquire.",Marketing for Searchers in the Yale SOM Community,Preserve customer trust while building new demand,"For Yale SOM searchers moving into ownership, continuity matters alongside growth. A useful marketing transition keeps existing customers informed and makes it easy for prospective customers to understand the business and contact the right person.",Keep the transition clear to customers,"Review contact information, service promises, and website messaging before announcing major changes. Use authentic customer evidence with permission, keep claims accurate, and make the next step straightforward for both returning and new customers.",Can we use the previous owner’s reviews and case studies?,"Review permissions, platform rules, and whether each claim still reflects the business. Do not invent or rewrite endorsements; verify what can be retained and how it should be attributed.",Is Tiger Digital affiliated with Yale School of Management?,No. Tiger Digital is an independent marketing agency. This page is intended for searchers and acquisition entrepreneurs in the Yale SOM community; it does not represent a school partnership or endorsement.,Discuss Your Acquisition Marketing Plan,https://www.tigerdigital.marketing/contact,Yale SOM acquisition entrepreneurship resource,https://som.yale.edu/faculty-research/faculty-directory/aj-wasserstein,Yale SOM’s A. J. Wasserstein faculty page lists search-fund and acquisition entrepreneurship materials.,"Tiger Digital works with searchers from the Yale SOM community. That experience shapes the guidance on this page. It is not an affiliation with, or endorsement by, the school.",Independent service provider; not affiliated with or endorsed by Yale School of Management.,,,,,"Draft for review. Confirm service scope and audience fit; add an approved image and relevant proof if available. Keyword is a hypothesis, not validated search demand. School city is audience context, not a Tiger Digital office or service limit."
sf-tuck,Draft,Dartmouth Tuck School of Business,"Hanover, NH",search-fund-marketing-tuck,search fund marketing Dartmouth Tuck,Search Fund Marketing for Dartmouth Tuck Alumni | Tiger Digital,"Explore post-acquisition marketing for Dartmouth Tuck searchers. Plan SEO, AI visibility, and paid advertising for the business you acquire.",Marketing for Searchers in the Dartmouth Tuck Community,Build a marketing routine a small team can sustain,"For searchers in the Dartmouth Tuck community, post-close growth often depends on making a few activities repeatable. Shape the marketing plan around the operating team’s time, the business’s priorities, and a manageable review rhythm.",Give each inquiry a clear next step,"Assign ownership for new inquiries, check that forms and phone routes work, and establish a regular review of lead quality. Use a small set of priority pages and campaigns so improvements do not compete with day-to-day customer delivery.",Do we need to hire a full internal marketing team first?,"The right staffing depends on workload and expertise. Define the work, who approves it, and who handles incoming leads before deciding which responsibilities stay internal and which need outside support.",Is Tiger Digital affiliated with Dartmouth Tuck School of Business?,No. Tiger Digital is an independent marketing agency. This page is intended for searchers and acquisition entrepreneurs in the Dartmouth Tuck community; it does not represent a school partnership or endorsement.,Discuss Your Acquisition Marketing Plan,https://www.tigerdigital.marketing/contact,Dartmouth Tuck acquisition entrepreneurship resource,https://ce.tuck.dartmouth.edu/center-activity/programs/entrepreneurship-through-acquisition-programming,Tuck offers ETA programming and an Entrepreneurship through Acquisition elective.,,Independent service provider; not affiliated with or endorsed by Dartmouth Tuck School of Business.,,,,,"Draft for review. Confirm service scope and audience fit; add an approved image and relevant proof if available. Keyword is a hypothesis, not validated search demand. School city is audience context, not a Tiger Digital office or service limit."
sf-darden,Draft,University of Virginia Darden School of Business,"Charlottesville, VA",search-fund-marketing-darden,search fund marketing UVA Darden,Search Fund Marketing for UVA Darden Alumni | Tiger Digital,"Explore post-acquisition marketing for UVA Darden searchers. Plan SEO, AI visibility, and paid advertising for the business you acquire.",Marketing for Searchers in the UVA Darden Community,Sequence your post-close marketing priorities,"For acquisition entrepreneurs in the Darden community, the first operating plan needs a practical order of work. Resolve broken customer paths, improve the most important service pages, and then test new sources of demand as the business is ready.",Create a focused 90-day marketing agenda,"Use the first stage to confirm access and measurement, the next to improve priority pages and inquiry handling, and the final stage to evaluate a focused campaign. Adapt the schedule to the company’s seasonality, staff capacity, and current customer commitments.",Can we plan marketing before the deal closes?,You can outline questions and priorities using information you are authorized to review. Make changes to the business’s accounts or website only with the appropriate access and approval.,Is Tiger Digital affiliated with University of Virginia Darden School of Business?,No. Tiger Digital is an independent marketing agency. This page is intended for searchers and acquisition entrepreneurs in the UVA Darden community; it does not represent a school partnership or endorsement.,Discuss Your Acquisition Marketing Plan,https://www.tigerdigital.marketing/contact,UVA Darden acquisition entrepreneurship resource,https://www.darden.virginia.edu/batten-institute/entrepreneurship/entrepreneurship-through-acquisition,"Darden’s Batten Institute provides ETA programming, including support for graduating searchers.",,Independent service provider; not affiliated with or endorsed by University of Virginia Darden School of Business.,,,,,"Draft for review. Confirm service scope and audience fit; add an approved image and relevant proof if available. Keyword is a hypothesis, not validated search demand. School city is audience context, not a Tiger Digital office or service limit."
